loss,quic_avg,tcp_avg
0,0.10457965419955144,0.3607583271999829
1,0.10420209919975605,0.4364246486000411
5,0.10386617260010098,0.3899064511997494
10,0.17048021580030764,0.5668141141997693
